num_samples,HR.5F,HR3F,HR1F,PWF,Sf,acc,iou,iou_bridge,iou_inst,iou_verse,iou_intro,iou_chorus,iou_outro,iou_silence
200,0.70829909293469,0.7974432230275625,0.7603800946636621,0.7817317000966725,0.8047148115289137,0.788609830727977,0.6335861021669271,0.45133485130717765,0.426531903514032,0.765906622002269,0.742215805483983,0.6825319254236026,0.3606721813943231,0.5700420927757938
