num_samples,HR.5F,HR3F,HR1F,PWF,Sf,acc,iou,iou_intro,iou_verse,iou_chorus,iou_inst,iou_bridge,iou_outro,iou_silence
887,0.8751113974338327,0.8751113974338327,0.8751113974338327,0.9796816968505383,0.9708837560405538,0.7171073128161946,0.5638321101112084,0.5306714117889287,0.5997639796399054,0.6250233433075537,0.12685600477637524,0.5152533250526494,0.19633986540788642,0.0
