num_samples,HR.5F,HR3F,HR1F,PWF,Sf,acc,iou,iou_verse,iou_bridge,iou_chorus,iou_intro,iou_inst,iou_silence,iou_outro
100,0.6703162243328167,0.8583272002141312,0.7856870717625989,0.8176113620197663,0.8467393826948545,0.8367621258419807,0.7237166887779345,0.8021950528906403,0.14478353291149226,0.7266867021494549,0.8936370277141757,0.6795020144403604,0.5175745735940721,0.6237587202372771
